index,signId,month,message,
0,1,1,Synergized didactic functionalities,"INSERT INTO ""Horoscopes""(""signId"",""month"",""message"")values('1','1','Synergized didactic functionalities');"
1,2,1,Ameliorated bottom-line algorithm,"INSERT INTO ""Horoscopes""(""signId"",""month"",""message"")values('2','1','Ameliorated bottom-line algorithm');"
2,3,1,Virtual full-range forecast,"INSERT INTO ""Horoscopes""(""signId"",""month"",""message"")values('3','1','Virtual full-range forecast');"
3,4,1,Organized user-facing website,"INSERT INTO ""Horoscopes""(""signId"",""month"",""message"")values('4','1','Organized user-facing website');"
4,5,1,Progressive client-driven data-warehouse,"INSERT INTO ""Horoscopes""(""signId"",""month"",""message"")values('5','1','Progressive client-driven data-warehouse');"
5,6,1,Object-based incremental adapter,"INSERT INTO ""Horoscopes""(""signId"",""month"",""message"")values('6','1','Object-based incremental adapter');"
6,7,1,Ergonomic fresh-thinking hierarchy,"INSERT INTO ""Horoscopes""(""signId"",""month"",""message"")values('7','1','Ergonomic fresh-thinking hierarchy');"
7,8,1,Face to face fault-tolerant superstructure,"INSERT INTO ""Horoscopes""(""signId"",""month"",""message"")values('8','1','Face to face fault-tolerant superstructure');"
8,9,1,Integrated coherent archive,"INSERT INTO ""Horoscopes""(""signId"",""month"",""message"")values('9','1','Integrated coherent archive');"
9,10,1,Synergized asynchronous productivity,"INSERT INTO ""Horoscopes""(""signId"",""month"",""message"")values('10','1','Synergized asynchronous productivity');"
10,11,1,Assimilated fault-tolerant synergy,"INSERT INTO ""Horoscopes""(""signId"",""month"",""message"")values('11','1','Assimilated fault-tolerant synergy');"
11,12,1,Sharable mobile toolset,"INSERT INTO ""Horoscopes""(""signId"",""month"",""message"")values('12','1','Sharable mobile toolset');"
12,1,2,Customizable scalable instruction set,"INSERT INTO ""Horoscopes""(""signId"",""month"",""message"")values('1','2','Customizable scalable instruction set');"
13,2,2,Persevering client-server alliance,"INSERT INTO ""Horoscopes""(""signId"",""month"",""message"")values('2','2','Persevering client-server alliance');"
14,3,2,Monitored well-modulated approach,"INSERT INTO ""Horoscopes""(""signId"",""month"",""message"")values('3','2','Monitored well-modulated approach');"
15,4,2,Profit-focused 5th generation infrastructure,"INSERT INTO ""Horoscopes""(""signId"",""month"",""message"")values('4','2','Profit-focused 5th generation infrastructure');"
16,5,2,Cross-group asymmetric conglomeration,"INSERT INTO ""Horoscopes""(""signId"",""month"",""message"")values('5','2','Cross-group asymmetric conglomeration');"
17,6,2,Reactive responsive product,"INSERT INTO ""Horoscopes""(""signId"",""month"",""message"")values('6','2','Reactive responsive product');"
18,7,2,Programmable bifurcated superstructure,"INSERT INTO ""Horoscopes""(""signId"",""month"",""message"")values('7','2','Programmable bifurcated superstructure');"
19,8,2,Enhanced well-modulated flexibility,"INSERT INTO ""Horoscopes""(""signId"",""month"",""message"")values('8','2','Enhanced well-modulated flexibility');"
20,9,2,Operative mission-critical approach,"INSERT INTO ""Horoscopes""(""signId"",""month"",""message"")values('9','2','Operative mission-critical approach');"
21,10,2,Balanced asymmetric definition,"INSERT INTO ""Horoscopes""(""signId"",""month"",""message"")values('10','2','Balanced asymmetric definition');"
22,11,2,Intuitive disintermediate task-force,"INSERT INTO ""Horoscopes""(""signId"",""month"",""message"")values('11','2','Intuitive disintermediate task-force');"
23,12,2,Mandatory responsive data-warehouse,"INSERT INTO ""Horoscopes""(""signId"",""month"",""message"")values('12','2','Mandatory responsive data-warehouse');"
24,1,3,Automated well-modulated open system,"INSERT INTO ""Horoscopes""(""signId"",""month"",""message"")values('1','3','Automated well-modulated open system');"
25,2,3,Business-focused client-driven emulation,"INSERT INTO ""Horoscopes""(""signId"",""month"",""message"")values('2','3','Business-focused client-driven emulation');"
26,3,3,Enterprise-wide asynchronous system engine,"INSERT INTO ""Horoscopes""(""signId"",""month"",""message"")values('3','3','Enterprise-wide asynchronous system engine');"
27,4,3,Visionary fresh-thinking parallelism,"INSERT INTO ""Horoscopes""(""signId"",""month"",""message"")values('4','3','Visionary fresh-thinking parallelism');"
28,5,3,Devolved asynchronous website,"INSERT INTO ""Horoscopes""(""signId"",""month"",""message"")values('5','3','Devolved asynchronous website');"
29,6,3,Optional 24 hour orchestration,"INSERT INTO ""Horoscopes""(""signId"",""month"",""message"")values('6','3','Optional 24 hour orchestration');"
30,7,3,Reverse-engineered well-modulated adapter,"INSERT INTO ""Horoscopes""(""signId"",""month"",""message"")values('7','3','Reverse-engineered well-modulated adapter');"
31,8,3,Fully-configurable cohesive internet solution,"INSERT INTO ""Horoscopes""(""signId"",""month"",""message"")values('8','3','Fully-configurable cohesive internet solution');"
32,9,3,Devolved uniform conglomeration,"INSERT INTO ""Horoscopes""(""signId"",""month"",""message"")values('9','3','Devolved uniform conglomeration');"
33,10,3,Customer-focused bandwidth-monitored pricing structure,"INSERT INTO ""Horoscopes""(""signId"",""month"",""message"")values('10','3','Customer-focused bandwidth-monitored pricing structure');"
34,11,3,Fundamental system-worthy attitude,"INSERT INTO ""Horoscopes""(""signId"",""month"",""message"")values('11','3','Fundamental system-worthy attitude');"
35,12,3,Function-based tertiary benchmark,"INSERT INTO ""Horoscopes""(""signId"",""month"",""message"")values('12','3','Function-based tertiary benchmark');"
36,1,4,Balanced impactful groupware,"INSERT INTO ""Horoscopes""(""signId"",""month"",""message"")values('1','4','Balanced impactful groupware');"
37,2,4,Automated 5th generation ability,"INSERT INTO ""Horoscopes""(""signId"",""month"",""message"")values('2','4','Automated 5th generation ability');"
38,3,4,Streamlined asymmetric neural-net,"INSERT INTO ""Horoscopes""(""signId"",""month"",""message"")values('3','4','Streamlined asymmetric neural-net');"
39,4,4,Virtual user-facing workforce,"INSERT INTO ""Horoscopes""(""signId"",""month"",""message"")values('4','4','Virtual user-facing workforce');"
40,5,4,Compatible global algorithm,"INSERT INTO ""Horoscopes""(""signId"",""month"",""message"")values('5','4','Compatible global algorithm');"
41,6,4,Sharable non-volatile standardization,"INSERT INTO ""Horoscopes""(""signId"",""month"",""message"")values('6','4','Sharable non-volatile standardization');"
42,7,4,Profit-focused systematic system engine,"INSERT INTO ""Horoscopes""(""signId"",""month"",""message"")values('7','4','Profit-focused systematic system engine');"
43,8,4,Organic heuristic time-frame,"INSERT INTO ""Horoscopes""(""signId"",""month"",""message"")values('8','4','Organic heuristic time-frame');"
44,9,4,Seamless multimedia workforce,"INSERT INTO ""Horoscopes""(""signId"",""month"",""message"")values('9','4','Seamless multimedia workforce');"
45,10,4,Upgradable zero tolerance frame,"INSERT INTO ""Horoscopes""(""signId"",""month"",""message"")values('10','4','Upgradable zero tolerance frame');"
46,11,4,Centralized 6th generation policy,"INSERT INTO ""Horoscopes""(""signId"",""month"",""message"")values('11','4','Centralized 6th generation policy');"
47,12,4,Re-contextualized leading edge system engine,"INSERT INTO ""Horoscopes""(""signId"",""month"",""message"")values('12','4','Re-contextualized leading edge system engine');"
48,1,5,Open-source neutral attitude,"INSERT INTO ""Horoscopes""(""signId"",""month"",""message"")values('1','5','Open-source neutral attitude');"
49,2,5,Synchronised directional Graphical User Interface,"INSERT INTO ""Horoscopes""(""signId"",""month"",""message"")values('2','5','Synchronised directional Graphical User Interface');"
50,3,5,Proactive actuating policy,"INSERT INTO ""Horoscopes""(""signId"",""month"",""message"")values('3','5','Proactive actuating policy');"
51,4,5,Operative modular circuit,"INSERT INTO ""Horoscopes""(""signId"",""month"",""message"")values('4','5','Operative modular circuit');"
52,5,5,Persevering fresh-thinking hierarchy,"INSERT INTO ""Horoscopes""(""signId"",""month"",""message"")values('5','5','Persevering fresh-thinking hierarchy');"
53,6,5,Visionary dynamic complexity,"INSERT INTO ""Horoscopes""(""signId"",""month"",""message"")values('6','5','Visionary dynamic complexity');"
54,7,5,Integrated full-range framework,"INSERT INTO ""Horoscopes""(""signId"",""month"",""message"")values('7','5','Integrated full-range framework');"
55,8,5,Programmable upward-trending Graphical User Interface,"INSERT INTO ""Horoscopes""(""signId"",""month"",""message"")values('8','5','Programmable upward-trending Graphical User Interface');"
56,9,5,Sharable asynchronous hierarchy,"INSERT INTO ""Horoscopes""(""signId"",""month"",""message"")values('9','5','Sharable asynchronous hierarchy');"
57,10,5,Cross-platform context-sensitive attitude,"INSERT INTO ""Horoscopes""(""signId"",""month"",""message"")values('10','5','Cross-platform context-sensitive attitude');"
58,11,5,Synchronised attitude-oriented budgetary management,"INSERT INTO ""Horoscopes""(""signId"",""month"",""message"")values('11','5','Synchronised attitude-oriented budgetary management');"
59,12,5,Quality-focused optimizing concept,"INSERT INTO ""Horoscopes""(""signId"",""month"",""message"")values('12','5','Quality-focused optimizing concept');"
60,1,6,Cross-group empowering process improvement,"INSERT INTO ""Horoscopes""(""signId"",""month"",""message"")values('1','6','Cross-group empowering process improvement');"
61,2,6,Streamlined leading edge implementation,"INSERT INTO ""Horoscopes""(""signId"",""month"",""message"")values('2','6','Streamlined leading edge implementation');"
62,3,6,User-friendly non-volatile moderator,"INSERT INTO ""Horoscopes""(""signId"",""month"",""message"")values('3','6','User-friendly non-volatile moderator');"
63,4,6,Cross-platform next generation utilisation,"INSERT INTO ""Horoscopes""(""signId"",""month"",""message"")values('4','6','Cross-platform next generation utilisation');"
64,5,6,Sharable modular methodology,"INSERT INTO ""Horoscopes""(""signId"",""month"",""message"")values('5','6','Sharable modular methodology');"
65,6,6,Profit-focused 24/7 neural-net,"INSERT INTO ""Horoscopes""(""signId"",""month"",""message"")values('6','6','Profit-focused 24/7 neural-net');"
66,7,6,Horizontal logistical leverage,"INSERT INTO ""Horoscopes""(""signId"",""month"",""message"")values('7','6','Horizontal logistical leverage');"
67,8,6,Re-engineered multi-state instruction set,"INSERT INTO ""Horoscopes""(""signId"",""month"",""message"")values('8','6','Re-engineered multi-state instruction set');"
68,9,6,Multi-tiered well-modulated software,"INSERT INTO ""Horoscopes""(""signId"",""month"",""message"")values('9','6','Multi-tiered well-modulated software');"
69,10,6,Face to face disintermediate middleware,"INSERT INTO ""Horoscopes""(""signId"",""month"",""message"")values('10','6','Face to face disintermediate middleware');"
70,11,6,Extended encompassing customer loyalty,"INSERT INTO ""Horoscopes""(""signId"",""month"",""message"")values('11','6','Extended encompassing customer loyalty');"
71,12,6,Organic stable benchmark,"INSERT INTO ""Horoscopes""(""signId"",""month"",""message"")values('12','6','Organic stable benchmark');"
72,1,7,Triple-buffered holistic neural-net,"INSERT INTO ""Horoscopes""(""signId"",""month"",""message"")values('1','7','Triple-buffered holistic neural-net');"
73,2,7,Streamlined bifurcated info-mediaries,"INSERT INTO ""Horoscopes""(""signId"",""month"",""message"")values('2','7','Streamlined bifurcated info-mediaries');"
74,3,7,Programmable interactive challenge,"INSERT INTO ""Horoscopes""(""signId"",""month"",""message"")values('3','7','Programmable interactive challenge');"
75,4,7,Proactive motivating task-force,"INSERT INTO ""Horoscopes""(""signId"",""month"",""message"")values('4','7','Proactive motivating task-force');"
76,5,7,Digitized analyzing hardware,"INSERT INTO ""Horoscopes""(""signId"",""month"",""message"")values('5','7','Digitized analyzing hardware');"
77,6,7,Re-engineered 24 hour middleware,"INSERT INTO ""Horoscopes""(""signId"",""month"",""message"")values('6','7','Re-engineered 24 hour middleware');"
78,7,7,Team-oriented optimizing array,"INSERT INTO ""Horoscopes""(""signId"",""month"",""message"")values('7','7','Team-oriented optimizing array');"
79,8,7,Visionary explicit intranet,"INSERT INTO ""Horoscopes""(""signId"",""month"",""message"")values('8','7','Visionary explicit intranet');"
80,9,7,Realigned disintermediate solution,"INSERT INTO ""Horoscopes""(""signId"",""month"",""message"")values('9','7','Realigned disintermediate solution');"
81,10,7,Customer-focused value-added hardware,"INSERT INTO ""Horoscopes""(""signId"",""month"",""message"")values('10','7','Customer-focused value-added hardware');"
82,11,7,Programmable multimedia knowledge base,"INSERT INTO ""Horoscopes""(""signId"",""month"",""message"")values('11','7','Programmable multimedia knowledge base');"
83,12,7,Extended modular project,"INSERT INTO ""Horoscopes""(""signId"",""month"",""message"")values('12','7','Extended modular project');"
84,1,8,Expanded local hardware,"INSERT INTO ""Horoscopes""(""signId"",""month"",""message"")values('1','8','Expanded local hardware');"
85,2,8,Networked upward-trending encryption,"INSERT INTO ""Horoscopes""(""signId"",""month"",""message"")values('2','8','Networked upward-trending encryption');"
86,3,8,Front-line actuating attitude,"INSERT INTO ""Horoscopes""(""signId"",""month"",""message"")values('3','8','Front-line actuating attitude');"
87,4,8,Profit-focused client-server moderator,"INSERT INTO ""Horoscopes""(""signId"",""month"",""message"")values('4','8','Profit-focused client-server moderator');"
88,5,8,Multi-layered responsive archive,"INSERT INTO ""Horoscopes""(""signId"",""month"",""message"")values('5','8','Multi-layered responsive archive');"
89,6,8,Integrated encompassing application,"INSERT INTO ""Horoscopes""(""signId"",""month"",""message"")values('6','8','Integrated encompassing application');"
90,7,8,Optimized real-time array,"INSERT INTO ""Horoscopes""(""signId"",""month"",""message"")values('7','8','Optimized real-time array');"
91,8,8,Function-based 24/7 initiative,"INSERT INTO ""Horoscopes""(""signId"",""month"",""message"")values('8','8','Function-based 24/7 initiative');"
92,9,8,Balanced zero defect pricing structure,"INSERT INTO ""Horoscopes""(""signId"",""month"",""message"")values('9','8','Balanced zero defect pricing structure');"
93,10,8,Intuitive mission-critical installation,"INSERT INTO ""Horoscopes""(""signId"",""month"",""message"")values('10','8','Intuitive mission-critical installation');"
94,11,8,Versatile multi-state architecture,"INSERT INTO ""Horoscopes""(""signId"",""month"",""message"")values('11','8','Versatile multi-state architecture');"
95,12,8,Adaptive client-server secured line,"INSERT INTO ""Horoscopes""(""signId"",""month"",""message"")values('12','8','Adaptive client-server secured line');"
96,1,9,Implemented actuating pricing structure,"INSERT INTO ""Horoscopes""(""signId"",""month"",""message"")values('1','9','Implemented actuating pricing structure');"
97,2,9,Pre-emptive 5th generation emulation,"INSERT INTO ""Horoscopes""(""signId"",""month"",""message"")values('2','9','Pre-emptive 5th generation emulation');"
98,3,9,Optimized dynamic policy,"INSERT INTO ""Horoscopes""(""signId"",""month"",""message"")values('3','9','Optimized dynamic policy');"
99,4,9,Centralized uniform encoding,"INSERT INTO ""Horoscopes""(""signId"",""month"",""message"")values('4','9','Centralized uniform encoding');"
100,5,9,Front-line next generation focus group,"INSERT INTO ""Horoscopes""(""signId"",""month"",""message"")values('5','9','Front-line next generation focus group');"
101,6,9,Synergized web-enabled data-warehouse,"INSERT INTO ""Horoscopes""(""signId"",""month"",""message"")values('6','9','Synergized web-enabled data-warehouse');"
102,7,9,Robust dedicated portal,"INSERT INTO ""Horoscopes""(""signId"",""month"",""message"")values('7','9','Robust dedicated portal');"
103,8,9,Robust foreground Graphical User Interface,"INSERT INTO ""Horoscopes""(""signId"",""month"",""message"")values('8','9','Robust foreground Graphical User Interface');"
104,9,9,De-engineered regional workforce,"INSERT INTO ""Horoscopes""(""signId"",""month"",""message"")values('9','9','De-engineered regional workforce');"
105,10,9,Virtual client-server info-mediaries,"INSERT INTO ""Horoscopes""(""signId"",""month"",""message"")values('10','9','Virtual client-server info-mediaries');"
106,11,9,Mandatory client-server success,"INSERT INTO ""Horoscopes""(""signId"",""month"",""message"")values('11','9','Mandatory client-server success');"
107,12,9,Managed non-volatile instruction set,"INSERT INTO ""Horoscopes""(""signId"",""month"",""message"")values('12','9','Managed non-volatile instruction set');"
108,1,10,Enhanced incremental architecture,"INSERT INTO ""Horoscopes""(""signId"",""month"",""message"")values('1','10','Enhanced incremental architecture');"
109,2,10,Up-sized human-resource hardware,"INSERT INTO ""Horoscopes""(""signId"",""month"",""message"")values('2','10','Up-sized human-resource hardware');"
110,3,10,Reactive fresh-thinking solution,"INSERT INTO ""Horoscopes""(""signId"",""month"",""message"")values('3','10','Reactive fresh-thinking solution');"
111,4,10,Networked contextually-based info-mediaries,"INSERT INTO ""Horoscopes""(""signId"",""month"",""message"")values('4','10','Networked contextually-based info-mediaries');"
112,5,10,Networked analyzing data-warehouse,"INSERT INTO ""Horoscopes""(""signId"",""month"",""message"")values('5','10','Networked analyzing data-warehouse');"
113,6,10,Vision-oriented object-oriented capability,"INSERT INTO ""Horoscopes""(""signId"",""month"",""message"")values('6','10','Vision-oriented object-oriented capability');"
114,7,10,Customer-focused fresh-thinking strategy,"INSERT INTO ""Horoscopes""(""signId"",""month"",""message"")values('7','10','Customer-focused fresh-thinking strategy');"
115,8,10,Vision-oriented homogeneous encoding,"INSERT INTO ""Horoscopes""(""signId"",""month"",""message"")values('8','10','Vision-oriented homogeneous encoding');"
116,9,10,Re-engineered static architecture,"INSERT INTO ""Horoscopes""(""signId"",""month"",""message"")values('9','10','Re-engineered static architecture');"
117,10,10,Pre-emptive even-keeled customer loyalty,"INSERT INTO ""Horoscopes""(""signId"",""month"",""message"")values('10','10','Pre-emptive even-keeled customer loyalty');"
118,11,10,Diverse multi-tasking initiative,"INSERT INTO ""Horoscopes""(""signId"",""month"",""message"")values('11','10','Diverse multi-tasking initiative');"
119,12,10,Team-oriented methodical secured line,"INSERT INTO ""Horoscopes""(""signId"",""month"",""message"")values('12','10','Team-oriented methodical secured line');"
120,1,11,Re-engineered multimedia framework,"INSERT INTO ""Horoscopes""(""signId"",""month"",""message"")values('1','11','Re-engineered multimedia framework');"
121,2,11,Configurable actuating paradigm,"INSERT INTO ""Horoscopes""(""signId"",""month"",""message"")values('2','11','Configurable actuating paradigm');"
122,3,11,Automated optimizing framework,"INSERT INTO ""Horoscopes""(""signId"",""month"",""message"")values('3','11','Automated optimizing framework');"
123,4,11,Front-line 24 hour array,"INSERT INTO ""Horoscopes""(""signId"",""month"",""message"")values('4','11','Front-line 24 hour array');"
124,5,11,Synergistic multi-tasking instruction set,"INSERT INTO ""Horoscopes""(""signId"",""month"",""message"")values('5','11','Synergistic multi-tasking instruction set');"
125,6,11,Self-enabling heuristic capacity,"INSERT INTO ""Horoscopes""(""signId"",""month"",""message"")values('6','11','Self-enabling heuristic capacity');"
126,7,11,Sharable even-keeled structure,"INSERT INTO ""Horoscopes""(""signId"",""month"",""message"")values('7','11','Sharable even-keeled structure');"
127,8,11,Secured cohesive orchestration,"INSERT INTO ""Horoscopes""(""signId"",""month"",""message"")values('8','11','Secured cohesive orchestration');"
128,9,11,Profit-focused zero defect approach,"INSERT INTO ""Horoscopes""(""signId"",""month"",""message"")values('9','11','Profit-focused zero defect approach');"
129,10,11,Compatible composite throughput,"INSERT INTO ""Horoscopes""(""signId"",""month"",""message"")values('10','11','Compatible composite throughput');"
130,11,11,Horizontal responsive utilisation,"INSERT INTO ""Horoscopes""(""signId"",""month"",""message"")values('11','11','Horizontal responsive utilisation');"
131,12,11,Fundamental optimal array,"INSERT INTO ""Horoscopes""(""signId"",""month"",""message"")values('12','11','Fundamental optimal array');"
132,1,12,Cross-platform discrete time-frame,"INSERT INTO ""Horoscopes""(""signId"",""month"",""message"")values('1','12','Cross-platform discrete time-frame');"
133,2,12,Cross-group static customer loyalty,"INSERT INTO ""Horoscopes""(""signId"",""month"",""message"")values('2','12','Cross-group static customer loyalty');"
134,3,12,Managed transitional open architecture,"INSERT INTO ""Horoscopes""(""signId"",""month"",""message"")values('3','12','Managed transitional open architecture');"
135,4,12,Progressive 24/7 utilisation,"INSERT INTO ""Horoscopes""(""signId"",""month"",""message"")values('4','12','Progressive 24/7 utilisation');"
136,5,12,Decentralized analyzing paradigm,"INSERT INTO ""Horoscopes""(""signId"",""month"",""message"")values('5','12','Decentralized analyzing paradigm');"
137,6,12,Visionary bottom-line leverage,"INSERT INTO ""Horoscopes""(""signId"",""month"",""message"")values('6','12','Visionary bottom-line leverage');"
138,7,12,Ergonomic bottom-line capability,"INSERT INTO ""Horoscopes""(""signId"",""month"",""message"")values('7','12','Ergonomic bottom-line capability');"
139,8,12,Open-source grid-enabled emulation,"INSERT INTO ""Horoscopes""(""signId"",""month"",""message"")values('8','12','Open-source grid-enabled emulation');"
140,9,12,Customer-focused secondary emulation,"INSERT INTO ""Horoscopes""(""signId"",""month"",""message"")values('9','12','Customer-focused secondary emulation');"
141,10,12,De-engineered scalable approach,"INSERT INTO ""Horoscopes""(""signId"",""month"",""message"")values('10','12','De-engineered scalable approach');"
142,11,12,Implemented responsive function,"INSERT INTO ""Horoscopes""(""signId"",""month"",""message"")values('11','12','Implemented responsive function');"
143,12,12,Pre-emptive exuding complexity,"INSERT INTO ""Horoscopes""(""signId"",""month"",""message"")values('12','12','Pre-emptive exuding complexity');"
